{
  "manifest": {
    "publishingInformation": {
      "locales": {
        "en-US": {
          "examplePhrases": [
            "Alexa open Appointment Scheduler",
            "Alexa launch Appointment Scheduler",
            "Alexa start Appointment Scheduler"
          ],
          "name": "Alert_Med",
          "smallIconUri": "file://assets/images/en-US_smallIconUri.png",
          "largeIconUri": "file://assets/images/en-US_largeIconUri.png"
        }
      }
    },
    "apis": {
      "custom": {
        "endpoint": {
          "uri": "arn:aws:lambda:us-east-1:234591232915:function:b37c854e-e0f7-4884-9a45-a565459509b0:Release_0"
        },
        "interfaces": [],
        "regions": {
          "EU": {
            "endpoint": {
              "uri": "arn:aws:lambda:eu-west-1:234591232915:function:b37c854e-e0f7-4884-9a45-a565459509b0:Release_0"
            }
          },
          "NA": {
            "endpoint": {
              "uri": "arn:aws:lambda:us-east-1:234591232915:function:b37c854e-e0f7-4884-9a45-a565459509b0:Release_0"
            }
          },
          "FE": {
            "endpoint": {
              "uri": "arn:aws:lambda:us-west-2:234591232915:function:b37c854e-e0f7-4884-9a45-a565459509b0:Release_0"
            }
          }
        }
      }
    },
    "manifestVersion": "1.0",
    "permissions": [
      {
        "name": "alexa::profile:name:read"
      },
      {
        "name": "alexa::profile:email:read"
      },
      {
        "name": "alexa::profile:mobile_number:read"
      },
      {
        "name": "alexa::alerts:reminders:skill:readwrite"
      }
    ]
  }
}